{
  "AWSTemplateFormatVersion": "2010-09-09",
  "Description": "Simple S3 bucket",
  "Parameters": {
    "S3BucketName": {
      "Description": "Name of the S3 bucket",
      "Type": "String",
      "ConstraintDescription": "S3BucketName must be between 3 and 63 characters in length.",
      "MinLength": "3",
      "MaxLength": "63"
    },
    "S3LifeCycleDelete": {
      "Description": "Specify a number of days to keep files in the bucket, a value of 0 keeps the files stored in the bucket.",
      "Type": "Number",
      "MinValue": "0",
      "MaxValue": "365",
      "Default": "0"
    },
    "VersioningStatus": {
      "Description": "Enabled, Suspend or Ignore Versioning",
      "Type": "String",
      "AllowedValues": [
        "Enabled",
        "Suspended"
      ],
      "Default": "Suspended"
    },
    "S3AccessControlStatus": {
      "Description": "Enabled, Suspend or Ignore Versioning",
      "Type": "String",
      "AllowedValues": [
        "AuthenticatedRead",
        "AwsExecRead",
        "BucketOwnerRead",
        "BucketOwnerFullControl",
        "LogDeliveryWrite",
        "Private",
        "PublicRead",
        "PublicReadWrite"
      ],
      "Default": "Private"
    }
  },
  "Resources": {
    "S3Bucket": {
      "Type": "AWS::S3::Bucket",
      "Properties": {
        "AccessControl": {
          "Ref": "S3AccessControlStatus"
        },
        "BucketName": {
          "Ref": "S3BucketName"
        },
        "VersioningConfiguration": {
          "Status": {
            "Ref": "VersioningStatus"
          }
        },
        "LifecycleConfiguration": {
          "Rules": [
            {
              "Id": "deleterule",
              "Status": "Enabled",
              "ExpirationInDays": {
                "Ref": "S3LifeCycleDelete"
              }
            }
          ]
        }
      }
    }
  }
}
